-- phpMyAdmin SQL Dump
-- version 5.2.2
-- https://www.phpmyadmin.net/
--
-- Host: localhost:3306
-- Generation Time: May 04, 2025 at 10:13 AM
-- Server version: 8.4.3
-- PHP Version: 8.3.16

SET SQL_MODE = "NO_AUTO_VALUE_ON_ZERO";
START TRANSACTION;
SET time_zone = "+00:00";


/*!40101 SET @OLD_CHARACTER_SET_CLIENT=@@CHARACTER_SET_CLIENT */;
/*!40101 SET @OLD_CHARACTER_SET_RESULTS=@@CHARACTER_SET_RESULTS */;
/*!40101 SET @OLD_COLLATION_CONNECTION=@@COLLATION_CONNECTION */;
/*!40101 SET NAMES utf8mb4 */;

--
-- Database: `sa2`
--

-- --------------------------------------------------------

--
-- Table structure for table `activity_logs`
--

CREATE TABLE `activity_logs` (
  `id` int NOT NULL,
  `user_id` int DEFAULT NULL,
  `action` varchar(100) COLLATE utf8mb4_unicode_ci NOT NULL,
  `entity_type` varchar(50) COLLATE utf8mb4_unicode_ci NOT NULL,
  `entity_id` varchar(100) COLLATE utf8mb4_unicode_ci NOT NULL,
  `old_values` longtext CHARACTER SET utf8mb4 COLLATE utf8mb4_bin,
  `new_values` longtext CHARACTER SET utf8mb4 COLLATE utf8mb4_bin,
  `ip_address` varchar(45) COLLATE utf8mb4_unicode_ci DEFAULT NULL,
  `user_agent` text COLLATE utf8mb4_unicode_ci,
  `created_at` datetime DEFAULT CURRENT_TIMESTAMP
) ENGINE=InnoDB DEFAULT CHARSET=utf8mb4 COLLATE=utf8mb4_unicode_ci;

--
-- Dumping data for table `activity_logs`
--

INSERT INTO `activity_logs` (`id`, `user_id`, `action`, `entity_type`, `entity_id`, `old_values`, `new_values`, `ip_address`, `user_agent`, `created_at`) VALUES
(1, 1, 'verification_email_sent', 'user', '1', NULL, '{\"email\":\"nguyendozxc15@gmail.com\",\"verification_token\":\"9357c4e3fe...\",\"timestamp\":\"2025-05-04 08:07:05\"}', '::1', NULL, '2025-05-04 15:07:05'),
(2, 1, 'email_verified', 'user', '1', NULL, '{\"status\":\"verified\",\"email\":\"nguyendozxc15@gmail.com\",\"timestamp\":\"2025-05-04 08:07:34\"}', '::1', NULL, '2025-05-04 15:07:34'),
(3, 1, 'login', 'user', '1', NULL, NULL, '::1', 'Mozilla/5.0 (Windows NT 10.0; Win64; x64) AppleWebKit/537.36 (KHTML, like Gecko) Chrome/122.0.0.0 Safari/537.36', '2025-05-04 15:07:39'),
(4, 1, 'purchase', 'registration', '1', NULL, NULL, '::1', 'Mozilla/5.0 (Windows NT 10.0; Win64; x64) AppleWebKit/537.36 (KHTML, like Gecko) Chrome/122.0.0.0 Safari/537.36', '2025-05-04 15:07:53'),
(5, 1, 'purchase', 'registration', '2', NULL, NULL, '::1', 'Mozilla/5.0 (Windows NT 10.0; Win64; x64) AppleWebKit/537.36 (KHTML, like Gecko) Chrome/122.0.0.0 Safari/537.36', '2025-05-04 15:31:12'),
(6, 1, 'purchase', 'registration', '3', NULL, NULL, '::1', 'Mozilla/5.0 (Windows NT 10.0; Win64; x64) AppleWebKit/537.36 (KHTML, like Gecko) Chrome/122.0.0.0 Safari/537.36', '2025-05-04 15:34:14'),
(7, 1, 'purchase', 'registration', '4', NULL, NULL, '::1', 'Mozilla/5.0 (Windows NT 10.0; Win64; x64) AppleWebKit/537.36 (KHTML, like Gecko) Chrome/122.0.0.0 Safari/537.36', '2025-05-04 15:34:45'),
(8, 1, 'purchase', 'registration', '5', NULL, NULL, '::1', 'Mozilla/5.0 (Windows NT 10.0; Win64; x64) AppleWebKit/537.36 (KHTML, like Gecko) Chrome/122.0.0.0 Safari/537.36', '2025-05-04 15:35:29'),
(9, 1, 'purchase', 'registration', '6', NULL, NULL, '::1', 'Mozilla/5.0 (Windows NT 10.0; Win64; x64) AppleWebKit/537.36 (KHTML, like Gecko) Chrome/122.0.0.0 Safari/537.36', '2025-05-04 15:45:16'),
(10, 1, 'purchase', 'registration', '7', NULL, NULL, '::1', 'Mozilla/5.0 (Windows NT 10.0; Win64; x64) AppleWebKit/537.36 (KHTML, like Gecko) Chrome/122.0.0.0 Safari/537.36', '2025-05-04 15:46:02'),
(11, 1, 'purchase', 'registration', '8', NULL, NULL, '::1', 'Mozilla/5.0 (Windows NT 10.0; Win64; x64) AppleWebKit/537.36 (KHTML, like Gecko) Chrome/122.0.0.0 Safari/537.36', '2025-05-04 15:48:57'),
(12, 1, 'purchase', 'registration', '9', NULL, NULL, '::1', 'Mozilla/5.0 (Windows NT 10.0; Win64; x64) AppleWebKit/537.36 (KHTML, like Gecko) Chrome/122.0.0.0 Safari/537.36', '2025-05-04 15:50:45'),
(13, 1, 'login', 'user', '1', NULL, NULL, '::1', 'Mozilla/5.0 (Windows NT 10.0; Win64; x64) AppleWebKit/537.36 (KHTML, like Gecko) Chrome/122.0.0.0 Safari/537.36', '2025-05-04 16:57:36');

-- --------------------------------------------------------

--
-- Table structure for table `admin`
--

CREATE TABLE `admin` (
  `id` int NOT NULL,
  `name` varchar(100) COLLATE utf8mb4_unicode_ci NOT NULL,
  `admin_username` varchar(50) COLLATE utf8mb4_unicode_ci NOT NULL,
  `admin_password` varchar(255) COLLATE utf8mb4_unicode_ci NOT NULL,
  `role` enum('admin','customercare') COLLATE utf8mb4_unicode_ci NOT NULL,
  `created_at` datetime DEFAULT CURRENT_TIMESTAMP,
  `updated_at` datetime DEFAULT NULL ON UPDATE CURRENT_TIMESTAMP
) ENGINE=InnoDB DEFAULT CHARSET=utf8mb4 COLLATE=utf8mb4_unicode_ci;

--
-- Dumping data for table `admin`
--

INSERT INTO `admin` (`id`, `name`, `admin_username`, `admin_password`, `role`, `created_at`, `updated_at`) VALUES
(1, 'QTV', 'admin', '$2y$10$qEbpftR9g9gfKjhpp33wbucjSDbCtF5NPIDD2s.6lVk7mvDJRzTYW', 'admin', '2025-04-30 11:21:02', '2025-05-02 06:27:17'),
(2, 'Test', 'cskh', '$2y$10$gAgHVViZxxfJhs8zqB36L.uTyc/4CLD/P9cRebFjKWDX.paGeSlX2', 'customercare', '2025-05-02 06:27:03', '2025-05-03 05:37:13');

-- --------------------------------------------------------

--
-- Table structure for table `collaborator`
--

CREATE TABLE `collaborator` (
  `id` int NOT NULL,
  `user_id` int NOT NULL,
  `referral_code` varchar(20) COLLATE utf8mb4_unicode_ci NOT NULL,
  `status` enum('pending','approved','rejected') COLLATE utf8mb4_unicode_ci DEFAULT 'pending',
  `balance` decimal(15,2) DEFAULT '0.00',
  `created_at` datetime DEFAULT CURRENT_TIMESTAMP,
  `updated_at` datetime DEFAULT NULL ON UPDATE CURRENT_TIMESTAMP
) ENGINE=InnoDB DEFAULT CHARSET=utf8mb4 COLLATE=utf8mb4_unicode_ci;

-- --------------------------------------------------------

--
-- Table structure for table `error_logs`
--

CREATE TABLE `error_logs` (
  `id` int NOT NULL,
  `error_type` varchar(50) COLLATE utf8mb4_unicode_ci NOT NULL,
  `error_message` text COLLATE utf8mb4_unicode_ci NOT NULL,
  `stack_trace` text COLLATE utf8mb4_unicode_ci,
  `user_id` int DEFAULT NULL,
  `ip_address` varchar(45) COLLATE utf8mb4_unicode_ci DEFAULT NULL,
  `created_at` datetime DEFAULT CURRENT_TIMESTAMP
) ENGINE=InnoDB DEFAULT CHARSET=utf8mb4 COLLATE=utf8mb4_unicode_ci;

-- --------------------------------------------------------

--
-- Table structure for table `guide`
--

CREATE TABLE `guide` (
  `id` int NOT NULL,
  `title` varchar(255) COLLATE utf8mb4_unicode_ci NOT NULL,
  `slug` varchar(255) COLLATE utf8mb4_unicode_ci NOT NULL,
  `content` longtext COLLATE utf8mb4_unicode_ci NOT NULL,
  `author_id` int NOT NULL,
  `topic` varchar(255) COLLATE utf8mb4_unicode_ci DEFAULT NULL,
  `status` enum('draft','published','archived') COLLATE utf8mb4_unicode_ci NOT NULL DEFAULT 'draft',
  `thumbnail` varchar(255) COLLATE utf8mb4_unicode_ci DEFAULT NULL,
  `image` varchar(255) COLLATE utf8mb4_unicode_ci DEFAULT NULL,
  `view_count` int NOT NULL DEFAULT '0',
  `created_at` datetime DEFAULT CURRENT_TIMESTAMP,
  `updated_at` datetime DEFAULT NULL ON UPDATE CURRENT_TIMESTAMP,
  `published_at` datetime DEFAULT NULL
) ENGINE=InnoDB DEFAULT CHARSET=utf8mb4 COLLATE=utf8mb4_unicode_ci;

-- --------------------------------------------------------

--
-- Table structure for table `invoice`
--

CREATE TABLE `invoice` (
  `id` int NOT NULL,
  `transaction_history_id` int NOT NULL,
  `status` enum('pending','approved','rejected') COLLATE utf8mb4_unicode_ci NOT NULL DEFAULT 'pending',
  `invoice_file` varchar(255) COLLATE utf8mb4_unicode_ci DEFAULT NULL,
  `rejected_reason` text COLLATE utf8mb4_unicode_ci,
  `created_at` datetime DEFAULT CURRENT_TIMESTAMP
) ENGINE=InnoDB DEFAULT CHARSET=utf8mb4 COLLATE=utf8mb4_unicode_ci;

-- --------------------------------------------------------

--
-- Table structure for table `location`
--

CREATE TABLE `location` (
  `id` int NOT NULL,
  `province` varchar(100) COLLATE utf8mb4_unicode_ci NOT NULL,
  `province_code` varchar(10) COLLATE utf8mb4_unicode_ci NOT NULL,
  `status` tinyint(1) NOT NULL DEFAULT '1',
  `created_at` datetime DEFAULT CURRENT_TIMESTAMP
) ENGINE=InnoDB DEFAULT CHARSET=utf8mb4 COLLATE=utf8mb4_unicode_ci;

--
-- Dumping data for table `location`
--

INSERT INTO `location` (`id`, `province`, `province_code`, `status`, `created_at`) VALUES
(1, 'An Giang', 'AGG', 1, '2025-04-19 12:15:05'),
(2, 'Bà Rịa - Vũng Tàu', 'BVT', 1, '2025-04-19 12:15:05'),
(3, 'Bắc Giang', 'BGG', 1, '2025-04-19 12:15:05'),
(4, 'Bắc Kạn', 'BKN', 1, '2025-04-19 12:15:05'),
(5, 'Bạc Liêu', 'BLU', 1, '2025-04-19 12:15:05'),
(6, 'Bắc Ninh', 'BNH', 1, '2025-04-19 12:15:05'),
(7, 'Bến Tre', 'BTE', 1, '2025-04-19 12:15:05'),
(8, 'Bình Định', 'BDH', 1, '2025-04-19 12:15:05'),
(9, 'Bình Dương', 'BDG', 1, '2025-04-19 12:15:05'),
(10, 'Bình Phước', 'BPC', 1, '2025-04-19 12:15:05'),
(11, 'Bình Thuận', 'BTN', 1, '2025-04-19 12:15:05'),
(12, 'Cà Mau', 'CMA', 1, '2025-04-19 12:15:05'),
(13, 'Cần Thơ', 'CTO', 1, '2025-04-19 12:15:05'),
(14, 'Cao Bằng', 'CBG', 1, '2025-04-19 12:15:05'),
(15, 'Đà Nẵng', 'DNG', 1, '2025-04-19 12:15:05'),
(16, 'Đắk Lắk', 'DLK', 1, '2025-04-19 12:15:05'),
(17, 'Đắk Nông', 'DNG', 1, '2025-04-19 12:15:05'),
(18, 'Điện Biên', 'DBN', 1, '2025-04-19 12:15:05'),
(19, 'Đồng Nai', 'DNI', 1, '2025-04-19 12:15:05'),
(20, 'Đồng Tháp', 'DTP', 1, '2025-04-19 12:15:05'),
(21, 'Gia Lai', 'GLI', 1, '2025-04-19 12:15:05'),
(22, 'Hà Giang', 'HGG', 1, '2025-04-19 12:15:05'),
(23, 'Hà Nam', 'HNM', 1, '2025-04-19 12:15:05'),
(24, 'Hà Nội', 'HNI', 1, '2025-04-19 12:15:05'),
(25, 'Hà Tĩnh', 'HTH', 1, '2025-04-19 12:15:05'),
(26, 'Hải Dương', 'HDG', 1, '2025-04-19 12:15:05'),
(27, 'Hải Phòng', 'HPG', 1, '2025-04-19 12:15:05'),
(28, 'Hậu Giang', 'HGG', 1, '2025-04-19 12:15:05'),
(29, 'Hòa Bình', 'HBI', 1, '2025-04-19 12:15:05'),
(30, 'Hưng Yên', 'HYE', 1, '2025-04-19 12:15:05'),
(31, 'Khánh Hòa', 'KHA', 1, '2025-04-19 12:15:05'),
(32, 'Kiên Giang', 'KGG', 1, '2025-04-19 12:15:05'),
(33, 'Kon Tum', 'KTM', 1, '2025-04-19 12:15:05'),
(34, 'Lai Châu', 'LCH', 1, '2025-04-19 12:15:05'),
(35, 'Lâm Đồng', 'LDM', 1, '2025-04-19 12:15:05'),
(36, 'Lạng Sơn', 'LSN', 1, '2025-04-19 12:15:05'),
(37, 'Lào Cai', 'LCI', 1, '2025-04-19 12:15:05'),
(38, 'Long An', 'LAN', 1, '2025-04-19 12:15:05'),
(39, 'Nam Định', 'NDI', 1, '2025-04-19 12:15:05'),
(40, 'Nghệ An', 'NAN', 1, '2025-04-19 12:15:05'),
(41, 'Ninh Bình', 'NBI', 1, '2025-04-19 12:15:05'),
(42, 'Ninh Thuận', 'NNT', 1, '2025-04-19 12:15:05'),
(43, 'Phú Thọ', 'PTO', 1, '2025-04-19 12:15:05'),
(44, 'Phú Yên', 'PYE', 1, '2025-04-19 12:15:05'),
(45, 'Quảng Bình', 'QBN', 1, '2025-04-19 12:15:05'),
(46, 'Quảng Nam', 'QNM', 1, '2025-04-19 12:15:05'),
(47, 'Quảng Ngãi', 'QNG', 1, '2025-04-19 12:15:05'),
(48, 'Quảng Ninh', 'QNI', 1, '2025-04-19 12:15:05'),
(49, 'Quảng Trị', 'QTR', 1, '2025-04-19 12:15:05'),
(50, 'Sóc Trăng', 'STR', 1, '2025-04-19 12:15:05'),
(51, 'Sơn La', 'SLA', 1, '2025-04-19 12:15:05'),
(52, 'Tây Ninh', 'TNN', 1, '2025-04-19 12:15:05'),
(53, 'Thái Bình', 'TBI', 1, '2025-04-19 12:15:05'),
(54, 'Thái Nguyên', 'TNN', 1, '2025-04-19 12:15:05'),
(55, 'Thanh Hóa', 'THA', 1, '2025-04-19 12:15:05'),
(56, 'Thừa Thiên Huế', 'TTH', 1, '2025-04-19 12:15:05'),
(57, 'Tiền Giang', 'TYG', 1, '2025-04-19 12:15:05'),
(58, 'TP Hồ Chí Minh', 'HCM', 1, '2025-04-19 12:15:05'),
(59, 'Trà Vinh', 'TVI', 1, '2025-04-19 12:15:05'),
(60, 'Tuyên Quang', 'TQU', 1, '2025-04-19 12:15:05'),
(61, 'Vĩnh Long', 'VLO', 1, '2025-04-19 12:15:05'),
(62, 'Vĩnh Phúc', 'VPH', 1, '2025-04-19 12:15:05'),
(63, 'Yên Bái', 'YBI', 1, '2025-04-19 12:15:05');

-- --------------------------------------------------------

--
-- Table structure for table `mount_point`
--

CREATE TABLE `mount_point` (
  `id` varchar(64) COLLATE utf8mb4_unicode_ci NOT NULL,
  `location_id` int NOT NULL,
  `ip` varchar(100) COLLATE utf8mb4_unicode_ci NOT NULL,
  `port` int NOT NULL,
  `mountpoint` varchar(100) COLLATE utf8mb4_unicode_ci NOT NULL
) ENGINE=InnoDB DEFAULT CHARSET=utf8mb4 COLLATE=utf8mb4_unicode_ci;

--
-- Dumping data for table `mount_point`
--

INSERT INTO `mount_point` (`id`, `location_id`, `ip`, `port`, `mountpoint`) VALUES
('18', 27, '203.171.25.138', 1509, 'HaiPhong'),
('19', 30, '203.171.25.138', 1509, 'HungYen'),
('41', 51, '203.171.25.138', 1509, 'SonLa'),
('44', 63, '203.171.25.138', 1509, 'YBI_TPYenBai'),
('45', 63, '203.171.25.138', 1509, 'YBI_NghiaLo'),
('46', 63, '203.171.25.138', 1509, 'YBI_LucYen'),
('47', 63, '203.171.25.138', 1509, 'YBI_TramTau'),
('48', 63, '203.171.25.138', 1509, 'YBI_VanYen'),
('49', 63, '203.171.25.138', 1509, 'YBI_MuCangChai'),
('50', 51, '203.171.25.138', 1509, 'SLA_TPSonLa'),
('51', 48, '203.171.25.138', 1509, 'QuangNinh'),
('54', 54, '203.171.25.138', 1509, 'TNN_TPThaiNguyen'),
('55', 54, '203.171.25.138', 1509, 'TNN_VoNhai'),
('56', 54, '203.171.25.138', 1509, 'TNN_DaiTu'),
('57', 54, '203.171.25.138', 1509, 'TNN_PhoYen'),
('58', 54, '203.171.25.138', 1509, 'TNN_DinhHoa'),
('59', 54, '203.171.25.138', 1509, 'ThaiNguyen'),
('60', 63, '203.171.25.138', 1509, 'YenBai'),
('61', 27, '203.171.25.138', 1509, 'HPG_VinhBao'),
('63', 24, '203.171.25.138', 1509, 'HaNoi'),
('64', 63, '203.171.25.138', 1509, 'YBI_XuanAI'),
('65', 51, '203.171.25.138', 1509, 'SLA_MocChau'),
('66', 27, '203.171.25.138', 1509, 'VpHaiPhong'),
('67', 27, '203.171.25.138', 1509, 'HPG_LeChan'),
('68', 16, '203.171.25.138', 1509, 'P5_HaNoi'),
('69', 24, '203.171.25.138', 1509, 'HNI_CauGiay'),
('70', 48, '203.171.25.138', 1509, 'QNH_HaLong'),
('71', 30, '203.171.25.138', 1509, 'HYN_AnThi');

-- --------------------------------------------------------

--
-- Table structure for table `package`
--

CREATE TABLE `package` (
  `id` int NOT NULL,
  `package_id` varchar(50) COLLATE utf8mb4_unicode_ci NOT NULL,
  `name` varchar(150) COLLATE utf8mb4_unicode_ci NOT NULL,
  `price` decimal(15,2) NOT NULL,
  `duration_text` varchar(100) COLLATE utf8mb4_unicode_ci NOT NULL,
  `features_json` text COLLATE utf8mb4_unicode_ci,
  `is_recommended` tinyint(1) NOT NULL DEFAULT '0',
  `button_text` varchar(100) COLLATE utf8mb4_unicode_ci NOT NULL DEFAULT 'Chọn Gói',
  `savings_text` varchar(100) COLLATE utf8mb4_unicode_ci DEFAULT NULL,
  `is_active` tinyint(1) NOT NULL DEFAULT '1',
  `display_order` int NOT NULL DEFAULT '0',
  `created_at` datetime DEFAULT CURRENT_TIMESTAMP,
  `updated_at` datetime DEFAULT NULL ON UPDATE CURRENT_TIMESTAMP
) ENGINE=InnoDB DEFAULT CHARSET=utf8mb4 COLLATE=utf8mb4_unicode_ci;

--
-- Dumping data for table `package`
--

INSERT INTO `package` (`id`, `package_id`, `name`, `price`, `duration_text`, `features_json`, `is_recommended`, `button_text`, `savings_text`, `is_active`, `display_order`, `created_at`, `updated_at`) VALUES
(1, 'monthly', 'Gói 1 Tháng', 100000.00, '/ 1 tháng', '[{\"icon\":\"fa-check\",\"text\":\"Truy cập đầy đủ tính năng\",\"available\":true},{\"icon\":\"fa-check\",\"text\":\"Hỗ trợ cơ bản\",\"available\":true},{\"icon\":\"fa-check\",\"text\":\"10 lượt đo đạc / ngày\",\"available\":true}]', 0, 'Chọn Gói', NULL, 1, 10, '2025-04-19 12:14:35', '2025-04-19 15:39:26'),
(2, 'quarterly', 'Gói 3 Tháng', 270000.00, '/ 3 tháng', '[{\"icon\":\"fa-check\",\"text\":\"Truy cập đầy đủ tính năng\",\"available\":true},{\"icon\":\"fa-check\",\"text\":\"Hỗ trợ cơ bản\",\"available\":true},{\"icon\":\"fa-check\",\"text\":\"15 lượt đo đạc / ngày\",\"available\":true},{\"icon\":\"fa-check\",\"text\":\"Ưu tiên hỗ trợ thấp\",\"available\":true}]', 0, 'Chọn Gói', NULL, 1, 20, '2025-04-19 12:14:35', NULL),
(3, 'biannual', 'Gói 6 Tháng', 500000.00, '/ 6 tháng', '[{\"icon\":\"fa-check\",\"text\":\"Truy cập đầy đủ tính năng\",\"available\":true},{\"icon\":\"fa-check\",\"text\":\"Hỗ trợ tiêu chuẩn\",\"available\":true},{\"icon\":\"fa-check\",\"text\":\"25 lượt đo đạc / ngày\",\"available\":true},{\"icon\":\"fa-check\",\"text\":\"Ưu tiên hỗ trợ trung bình\",\"available\":true}]', 0, 'Chọn Gói', NULL, 1, 30, '2025-04-19 12:14:35', NULL),
(4, 'annual', 'Gói 1 Năm', 900000.00, '/ 1 năm', '[{\"icon\":\"fa-check\",\"text\":\"Truy cập đầy đủ tính năng\",\"available\":true},{\"icon\":\"fa-check\",\"text\":\"Hỗ trợ ưu tiên\",\"available\":true},{\"icon\":\"fa-check\",\"text\":\"50 lượt đo đạc / ngày\",\"available\":true},{\"icon\":\"fa-check\",\"text\":\"Ưu tiên hỗ trợ cao\",\"available\":true},{\"icon\":\"fa-check\",\"text\":\"Truy cập sớm tính năng mới\",\"available\":true}]', 1, 'Chọn Gói', NULL, 1, 40, '2025-04-19 12:14:35', '2025-04-19 15:56:38'),
(5, 'lifetime', 'Gói Vĩnh Viễn', 5000000.00, '/ trọn đời', '[{\"icon\":\"fa-check\",\"text\":\"Truy cập đầy đủ tính năng\",\"available\":true},{\"icon\":\"fa-check\",\"text\":\"Hỗ trợ VIP trọn đời\",\"available\":true},{\"icon\":\"fa-check\",\"text\":\"Không giới hạn lượt đo đạc\",\"available\":true},{\"icon\":\"fa-check\",\"text\":\"Ưu tiên hỗ trợ cao nhất\",\"available\":true},{\"icon\":\"fa-check\",\"text\":\"Mọi cập nhật trong tương lai\",\"available\":true}]', 0, 'Liên hệ mua', NULL, 1, 50, '2025-04-19 12:14:35', NULL),
(7, 'trial_7d', 'Gói Dùng Thử 7 Ngày', 0.00, '/ 7 ngày', '[{\"icon\":\"fa-check\",\"text\":\"Truy cập tính năng cơ bản\",\"available\":true},{\"icon\":\"fa-check\",\"text\":\"Hỗ trợ cộng đồng\",\"available\":true},{\"icon\":\"fa-check\",\"text\":\"5 lượt đo đạc / ngày\",\"available\":true}]', 0, 'Dùng Thử Miễn Phí', NULL, 1, 5, '2025-04-20 21:25:57', NULL);

-- --------------------------------------------------------

--
-- Table structure for table `payment_methods`
--

CREATE TABLE `payment_methods` (
  `id` int NOT NULL,
  `user_id` int NOT NULL,
  `bank_name` varchar(100) COLLATE utf8mb4_unicode_ci NOT NULL,
  `account_number` varchar(50) COLLATE utf8mb4_unicode_ci NOT NULL,
  `account_holder` varchar(100) COLLATE utf8mb4_unicode_ci NOT NULL,
  `is_default` tinyint(1) DEFAULT '0',
  `created_at` datetime DEFAULT CURRENT_TIMESTAMP,
  `updated_at` datetime DEFAULT NULL ON UPDATE CURRENT_TIMESTAMP
) ENGINE=InnoDB DEFAULT CHARSET=utf8mb4 COLLATE=utf8mb4_unicode_ci;

-- --------------------------------------------------------

--
-- Table structure for table `registration`
--

CREATE TABLE `registration` (
  `id` int NOT NULL,
  `user_id` int DEFAULT NULL,
  `package_id` int DEFAULT NULL,
  `location_id` int DEFAULT NULL,
  `collaborator_id` int DEFAULT NULL,
  `num_account` int DEFAULT NULL,
  `start_time` datetime DEFAULT NULL,
  `end_time` datetime DEFAULT NULL,
  `base_price` decimal(15,2) DEFAULT NULL,
  `vat_percent` float NOT NULL DEFAULT '0',
  `vat_amount` decimal(15,2) NOT NULL DEFAULT '0.00',
  `total_price` decimal(15,2) NOT NULL,
  `status` enum('pending','active','rejected') COLLATE utf8mb4_unicode_ci NOT NULL DEFAULT 'pending',
  `created_at` datetime DEFAULT CURRENT_TIMESTAMP,
  `updated_at` datetime DEFAULT NULL ON UPDATE CURRENT_TIMESTAMP,
  `deleted_at` datetime DEFAULT NULL,
  `rejection_reason` text COLLATE utf8mb4_unicode_ci
) ENGINE=InnoDB DEFAULT CHARSET=utf8mb4 COLLATE=utf8mb4_unicode_ci;

--
-- Dumping data for table `registration`
--

INSERT INTO `registration` (`id`, `user_id`, `package_id`, `location_id`, `collaborator_id`, `num_account`, `start_time`, `end_time`, `base_price`, `vat_percent`, `vat_amount`, `total_price`, `status`, `created_at`, `updated_at`, `deleted_at`, `rejection_reason`) VALUES
(1, 1, 7, 63, NULL, 1, '2025-05-03 08:07:53', '2025-05-03 08:07:53', 0.00, 0, 0.00, 0.00, 'active', '2025-05-04 15:07:53', '2025-05-04 15:09:19', NULL, NULL),
(2, 1, 1, 63, NULL, 3, '2025-05-04 08:31:12', '2025-06-04 08:31:12', 100000.00, 0, 0.00, 300000.00, 'pending', '2025-05-04 15:31:12', '2025-05-04 15:31:12', NULL, NULL),
(3, 1, 2, 63, NULL, 2, '2025-05-04 08:34:14', '2025-08-04 08:34:14', 270000.00, 0, 0.00, 540000.00, 'pending', '2025-05-04 15:34:14', '2025-05-04 15:34:14', NULL, NULL),
(4, 1, 7, 63, NULL, 1, '2025-05-04 08:34:45', '2025-05-11 08:34:45', 0.00, 0, 0.00, 0.00, 'active', '2025-05-04 15:34:45', '2025-05-04 15:34:45', NULL, NULL),
(5, 1, 2, 63, NULL, 2, '2025-05-04 08:35:29', '2025-08-04 08:35:29', 270000.00, 0, 0.00, 540000.00, 'pending', '2025-05-04 15:35:29', '2025-05-04 15:35:29', NULL, NULL),
(6, 1, 7, 63, NULL, 1, '2025-05-04 08:45:16', '2025-05-11 08:45:16', 0.00, 0, 0.00, 0.00, 'active', '2025-05-04 15:45:16', '2025-05-04 15:45:17', NULL, NULL),
(7, 1, 7, 63, NULL, 1, '2025-05-04 08:46:02', '2025-05-11 08:46:02', 0.00, 0, 0.00, 0.00, 'active', '2025-05-04 15:46:02', '2025-05-04 15:46:03', NULL, NULL),
(8, 1, 7, 63, NULL, 1, '2025-05-04 08:48:57', '2025-05-11 08:48:57', 0.00, 0, 0.00, 0.00, 'active', '2025-05-04 15:48:57', '2025-05-04 15:48:58', NULL, NULL),
(9, 1, 1, 63, NULL, 4, '2025-05-04 08:50:45', '2025-06-04 08:50:45', 100000.00, 0, 0.00, 400000.00, 'pending', '2025-05-04 15:50:45', '2025-05-04 15:50:45', NULL, NULL),
(10, 1, 2, 63, NULL, 1, '2025-05-04 09:32:08', '2025-08-02 09:32:08', 270000.00, 10, 27000.00, 297000.00, 'pending', '2025-05-04 16:32:08', NULL, NULL, NULL),
(11, 1, 3, 63, NULL, 4, '2025-05-04 09:34:40', '2025-10-31 09:34:40', 2000000.00, 10, 200000.00, 2200000.00, 'pending', '2025-05-04 16:34:40', NULL, NULL, NULL);

-- --------------------------------------------------------

--
-- Table structure for table `role_permissions`
--

CREATE TABLE `role_permissions` (
  `role` enum('admin','customercare') COLLATE utf8mb4_unicode_ci NOT NULL,
  `permission` varchar(100) COLLATE utf8mb4_unicode_ci NOT NULL,
  `allowed` tinyint(1) NOT NULL DEFAULT '0'
) ENGINE=InnoDB DEFAULT CHARSET=utf8mb4 COLLATE=utf8mb4_unicode_ci;

--
-- Dumping data for table `role_permissions`
--

INSERT INTO `role_permissions` (`role`, `permission`, `allowed`) VALUES
('admin', 'account_management', 1),
('admin', 'admin_user_create', 1),
('admin', 'dashboard', 1),
('admin', 'guide_management', 1),
('admin', 'invoice_management', 1),
('admin', 'invoice_review', 1),
('admin', 'permission_edit', 1),
('admin', 'permission_management', 1),
('admin', 'referral_management', 1),
('admin', 'reports', 1),
('admin', 'revenue_management', 1),
('admin', 'settings', 1),
('admin', 'user_create', 1),
('admin', 'user_management', 1),
('customercare', 'dashboard', 1),
('customercare', 'invoice_management', 1),
('customercare', 'user_management', 1);

-- --------------------------------------------------------

--
-- Table structure for table `station`
--

CREATE TABLE `station` (
  `id` varchar(64) COLLATE utf8mb4_unicode_ci NOT NULL,
  `station_name` varchar(100) COLLATE utf8mb4_unicode_ci NOT NULL,
  `identificationName` varchar(254) COLLATE utf8mb4_unicode_ci DEFAULT NULL,
  `mountpoint_id` varchar(64) COLLATE utf8mb4_unicode_ci NOT NULL,
  `lat` decimal(10,8) NOT NULL,
  `long` decimal(11,8) NOT NULL,
  `status` tinyint(1) NOT NULL DEFAULT '1' COMMENT 'Trạng thái hoạt động của trạm (1: active, 0: inactive)'
) ENGINE=InnoDB DEFAULT CHARSET=utf8mb4 COLLATE=utf8mb4_unicode_ci;

--
-- Dumping data for table `station`
--

INSERT INTO `station` (`id`, `station_name`, `identificationName`, `mountpoint_id`, `lat`, `long`, `status`) VALUES
('25', 'HPG1', 'VP Hải Phòng - 136 Dương Đình Nghệ', '67', 20.83045360, 106.67064669, 1),
('26', 'HPG2', 'Nhà a Cương - Vĩnh Bảo|Hưng - 0379527233', '61', 20.71929979, 106.46123062, 1),
('28', 'QNH5', 'Nhà cậu a Dũng - Hạ Long|Toản - 0934496886', '70', 20.94945693, 107.10729783, 1),
('30', 'HYN1', 'Nhà a Hữu - bạn a Dũng - Ân Thi|A Hữu - 0979514287', '71', 20.82821906, 106.08995397, 1),
('34', 'HNI0', 'VP Hà Nội - 216 Trung Kính', '69', 21.02222257, 105.79144295, 1),
('37', 'SLA2', 'Nhà a Trung - Mộc Châu - Sơn La|A Trung - 0976698698', '65', 20.84684019, 104.63939672, 1),
('38', 'YBI4', 'Vp ban quản lý Nghĩa Lộ|Anh Hiếu - 0865251185', '45', 21.59752950, 104.51231468, 1),
('41', 'YBI6', 'Nhà con gái a Tuấn - Trạm Tấu|A Tuấn - 0859596050', '47', 21.46597839, 104.38110734, 1),
('42', 'YBI5', 'VP ban quan lý dự án Lục Yên|Hải - 0378639689', '46', 22.11158723, 104.76653605, 1),
('43', 'YBI8', 'Nhà anh Tuân - Mù Cang Chải|A Tuân - 0987019029', '49', 21.84980281, 104.08574760, 1),
('44', 'YBI1', 'Nhà a Việt Béo - TP Yên bái|A Việt - 0947366066', '44', 21.71137621, 104.90685342, 1),
('45', 'YBI7', 'Nhà anh Chiến - Văn Yên|A Chiến - 0977886300', '48', 21.96978018, 104.56571434, 1),
('49', 'TNN1', 'Nhà A Hưng râu - TP Thái Nguyên|A Hưng - 0982892196', '54', 21.57363716, 105.84031625, 1),
('50', 'SL12', 'Nhà anh Tân - Tp Son La| Anh Tân - 0335027798', '50', 21.32205139, 103.91523536, 1),
('53', 'TNN6', 'Nhà anh Phú - Định hoá| a Phú - 0867666929', '58', 21.91116659, 105.64929213, 1),
('54', 'TNN4', 'vpdkdd Đại Từ|Đỗ Đình Long - 0355055740', '56', 21.63442798, 105.63582762, 1),
('55', 'TNN3', 'Nhà anh Thoi - Võ Nhai|Anh Việt - 0353177492', '55', 21.75411886, 106.07746349, 1),
('56', 'TNN5', 'Nhà anh Long - Phổ Yên|Anh Long - 0986650808', '57', 21.41624565, 105.86203136, 1),
('57', 'YBI2', 'Nhà anh Tuấn - Văn Yên|Anh Tuấn - 0963844634', '64', 21.85003200, 104.70568793, 1),
('58', 'G216', 'Trạm a Hưng gửi', '67', 20.96750510, 106.71247261, 1),
('59', 'P501', 'tram Ha Noi', '69', 21.02222257, 105.79144295, 1);

-- --------------------------------------------------------

--
-- Table structure for table `survey_account`
--

CREATE TABLE `survey_account` (
  `id` varchar(64) COLLATE utf8mb4_unicode_ci NOT NULL,
  `registration_id` int NOT NULL,
  `username_acc` varchar(100) COLLATE utf8mb4_unicode_ci NOT NULL,
  `password_acc` varchar(255) COLLATE utf8mb4_unicode_ci NOT NULL,
  `concurrent_user` int DEFAULT '1',
  `enabled` tinyint(1) DEFAULT '1',
  `caster` varchar(100) COLLATE utf8mb4_unicode_ci DEFAULT NULL,
  `user_type` int DEFAULT NULL,
  `regionIds` int DEFAULT NULL,
  `customerBizType` int DEFAULT '1',
  `area` varchar(255) COLLATE utf8mb4_unicode_ci DEFAULT NULL,
  `created_at` datetime DEFAULT CURRENT_TIMESTAMP,
  `updated_at` datetime DEFAULT NULL ON UPDATE CURRENT_TIMESTAMP,
  `deleted_at` datetime DEFAULT NULL
) ENGINE=InnoDB DEFAULT CHARSET=utf8mb4 COLLATE=utf8mb4_unicode_ci;

--
-- Dumping data for table `survey_account`
--

INSERT INTO `survey_account` (`id`, `registration_id`, `username_acc`, `password_acc`, `concurrent_user`, `enabled`, `caster`, `user_type`, `regionIds`, `customerBizType`, `area`, `created_at`, `updated_at`, `deleted_at`) VALUES
('RTK_1_1746346075', 1, 'TRIAL_YBI001', '0981190564', 1, 1, NULL, NULL, NULL, 1, NULL, '2025-05-04 15:07:55', NULL, NULL),
('RTK_4_1746347685', 4, 'TRIAL_YBI002', '0981190564', 1, 1, NULL, NULL, NULL, 1, NULL, '2025-05-04 15:34:45', NULL, NULL),
('RTK_6_1746348317', 6, 'TRIAL_YBI003', '0981190564', 1, 1, NULL, NULL, NULL, 1, NULL, '2025-05-04 15:45:17', NULL, NULL),
('RTK_7_1746348363', 7, 'TRIAL_YBI004', '0981190564', 1, 1, NULL, NULL, NULL, 1, NULL, '2025-05-04 15:46:03', NULL, NULL),
('RTK_8_1746348538', 8, 'TRIAL_YBI005', '0981190564', 1, 1, NULL, NULL, NULL, 1, NULL, '2025-05-04 15:48:58', NULL, NULL);

-- --------------------------------------------------------

--
-- Table structure for table `transaction_history`
--

CREATE TABLE `transaction_history` (
  `id` int NOT NULL,
  `registration_id` int DEFAULT NULL,
  `user_id` int NOT NULL,
  `transaction_type` enum('purchase','renewal','refund') COLLATE utf8mb4_unicode_ci NOT NULL,
  `amount` decimal(15,2) NOT NULL,
  `status` enum('pending','completed','failed','refunded') COLLATE utf8mb4_unicode_ci DEFAULT 'pending',
  `payment_method` enum('Chuyển khoản ngân hàng') COLLATE utf8mb4_unicode_ci DEFAULT NULL,
  `payment_image` varchar(255) COLLATE utf8mb4_unicode_ci DEFAULT NULL,
  `export_invoice` tinyint(1) DEFAULT '0',
  `invoice_info` text COLLATE utf8mb4_unicode_ci,
  `payment_confirmed` tinyint(1) DEFAULT '0',
  `payment_confirmed_at` datetime DEFAULT NULL,
  `created_at` datetime DEFAULT CURRENT_TIMESTAMP,
  `updated_at` datetime DEFAULT NULL ON UPDATE CURRENT_TIMESTAMP
) ENGINE=InnoDB DEFAULT CHARSET=utf8mb4 COLLATE=utf8mb4_unicode_ci;

--
-- Dumping data for table `transaction_history`
--

INSERT INTO `transaction_history` (`id`, `registration_id`, `user_id`, `transaction_type`, `amount`, `status`, `payment_method`, `payment_image`, `export_invoice`, `invoice_info`, `payment_confirmed`, `payment_confirmed_at`, `created_at`, `updated_at`) VALUES
(1, 1, 1, 'purchase', 0.00, 'completed', NULL, NULL, 0, NULL, 0, NULL, '2025-05-04 15:07:53', '2025-05-04 15:07:55'),
(5, 5, 1, 'purchase', 540000.00, 'pending', NULL, 'reg_5_1746347734.png', 0, NULL, 0, NULL, '2025-05-04 15:35:29', '2025-05-04 15:35:34'),
(6, 6, 1, 'purchase', 0.00, 'completed', NULL, NULL, 0, NULL, 0, NULL, '2025-05-04 15:45:16', '2025-05-04 15:45:17'),
(7, 7, 1, 'purchase', 0.00, 'completed', NULL, NULL, 0, NULL, 0, NULL, '2025-05-04 15:46:02', '2025-05-04 15:46:03'),
(8, 8, 1, 'purchase', 0.00, 'completed', NULL, NULL, 0, NULL, 0, NULL, '2025-05-04 15:48:57', '2025-05-04 15:48:58'),
(9, 9, 1, 'purchase', 400000.00, 'pending', NULL, 'reg_9_1746348650.png', 0, NULL, 0, NULL, '2025-05-04 15:50:45', '2025-05-04 15:50:50'),
(10, 10, 1, 'renewal', 297000.00, 'pending', NULL, NULL, 0, NULL, 0, NULL, '2025-05-04 16:32:08', NULL),
(11, 11, 1, 'renewal', 2200000.00, 'pending', NULL, 'reg_11_1746351288.png', 0, NULL, 0, NULL, '2025-05-04 16:34:40', '2025-05-04 16:34:48');

-- --------------------------------------------------------

--
-- Table structure for table `user`
--

CREATE TABLE `user` (
  `id` int NOT NULL,
  `username` varchar(100) COLLATE utf8mb4_unicode_ci DEFAULT NULL,
  `email` varchar(100) COLLATE utf8mb4_unicode_ci DEFAULT NULL,
  `password` varchar(255) COLLATE utf8mb4_unicode_ci DEFAULT NULL,
  `phone` varchar(20) COLLATE utf8mb4_unicode_ci DEFAULT NULL,
  `is_collaborator` tinyint(1) NOT NULL DEFAULT '0',
  `is_company` tinyint(1) DEFAULT NULL,
  `company_name` varchar(255) COLLATE utf8mb4_unicode_ci DEFAULT NULL,
  `tax_code` varchar(100) COLLATE utf8mb4_unicode_ci DEFAULT NULL,
  `tax_registered` tinyint(1) DEFAULT NULL,
  `created_at` datetime DEFAULT CURRENT_TIMESTAMP,
  `updated_at` datetime DEFAULT NULL ON UPDATE CURRENT_TIMESTAMP,
  `deleted_at` datetime DEFAULT NULL,
  `status` tinyint(1) NOT NULL DEFAULT '1' COMMENT 'Trạng thái người dùng (1: active, 0: inactive)',
  `email_verified` tinyint(1) NOT NULL DEFAULT '0',
  `email_verify_token` varchar(255) COLLATE utf8mb4_unicode_ci DEFAULT NULL
) ENGINE=InnoDB DEFAULT CHARSET=utf8mb4 COLLATE=utf8mb4_unicode_ci;

--
-- Dumping data for table `user`
--

INSERT INTO `user` (`id`, `username`, `email`, `password`, `phone`, `is_collaborator`, `is_company`, `company_name`, `tax_code`, `tax_registered`, `created_at`, `updated_at`, `deleted_at`, `status`, `email_verified`, `email_verify_token`) VALUES
(1, 'nguyendozxc15@gmail.com', 'nguyendozxc15@gmail.com', '$2y$10$XMvGqqa23okG.TkFUcugyOmxBua9rk9XsrFe.0LQeJIO.HNXjqr06', '0981190564', 0, 0, NULL, NULL, NULL, '2025-05-04 15:07:00', '2025-05-04 15:07:34', NULL, 1, 1, NULL);

-- --------------------------------------------------------

--
-- Table structure for table `user_sessions`
--

CREATE TABLE `user_sessions` (
  `session_id` varchar(128) COLLATE utf8mb4_unicode_ci NOT NULL,
  `user_id` int NOT NULL,
  `ip_address` varchar(45) COLLATE utf8mb4_unicode_ci NOT NULL,
  `user_agent` text COLLATE utf8mb4_unicode_ci,
  `created_at` datetime NOT NULL DEFAULT CURRENT_TIMESTAMP,
  `last_activity` datetime NOT NULL DEFAULT CURRENT_TIMESTAMP,
  `is_active` tinyint(1) NOT NULL DEFAULT '1'
) ENGINE=InnoDB DEFAULT CHARSET=utf8mb4 COLLATE=utf8mb4_unicode_ci;

-- --------------------------------------------------------

--
-- Table structure for table `user_settings`
--

CREATE TABLE `user_settings` (
  `id` int NOT NULL,
  `user_id` int NOT NULL,
  `notification_email` tinyint(1) DEFAULT '1',
  `notification_sms` tinyint(1) DEFAULT '0',
  `theme_preference` enum('light','dark') COLLATE utf8mb4_unicode_ci DEFAULT 'light',
  `created_at` datetime DEFAULT CURRENT_TIMESTAMP,
  `updated_at` datetime DEFAULT NULL ON UPDATE CURRENT_TIMESTAMP
) ENGINE=InnoDB DEFAULT CHARSET=utf8mb4 COLLATE=utf8mb4_unicode_ci;

--
-- Dumping data for table `user_settings`
--

INSERT INTO `user_settings` (`id`, `user_id`, `notification_email`, `notification_sms`, `theme_preference`, `created_at`, `updated_at`) VALUES
(1, 1, 1, 0, 'light', '2025-05-04 15:07:00', NULL);

-- --------------------------------------------------------

--
-- Table structure for table `withdrawal`
--

CREATE TABLE `withdrawal` (
  `id` int NOT NULL,
  `collaborator_id` int NOT NULL,
  `amount` decimal(15,2) NOT NULL,
  `bank_info` text COLLATE utf8mb4_unicode_ci,
  `status` enum('pending','completed','rejected') COLLATE utf8mb4_unicode_ci DEFAULT 'pending',
  `created_at` datetime DEFAULT CURRENT_TIMESTAMP,
  `processed_at` datetime DEFAULT NULL
) ENGINE=InnoDB DEFAULT CHARSET=utf8mb4 COLLATE=utf8mb4_unicode_ci;

--
-- Indexes for dumped tables
--

--
-- Indexes for table `activity_logs`
--
ALTER TABLE `activity_logs`
  ADD PRIMARY KEY (`id`),
  ADD KEY `idx_user_action` (`user_id`,`action`),
  ADD KEY `idx_entity` (`entity_type`,`entity_id`);

--
-- Indexes for table `admin`
--
ALTER TABLE `admin`
  ADD PRIMARY KEY (`id`),
  ADD UNIQUE KEY `admin_username` (`admin_username`);

--
-- Indexes for table `collaborator`
--
ALTER TABLE `collaborator`
  ADD PRIMARY KEY (`id`),
  ADD UNIQUE KEY `referral_code` (`referral_code`),
  ADD KEY `user_id` (`user_id`);

--
-- Indexes for table `error_logs`
--
ALTER TABLE `error_logs`
  ADD PRIMARY KEY (`id`),
  ADD KEY `idx_error_type` (`error_type`),
  ADD KEY `idx_user_id` (`user_id`);

--
-- Indexes for table `guide`
--
ALTER TABLE `guide`
  ADD PRIMARY KEY (`id`),
  ADD UNIQUE KEY `uq_slug` (`slug`),
  ADD KEY `author_id` (`author_id`);

--
-- Indexes for table `invoice`
--
ALTER TABLE `invoice`
  ADD PRIMARY KEY (`id`),
  ADD KEY `transaction_history_id` (`transaction_history_id`);

--
-- Indexes for table `location`
--
ALTER TABLE `location`
  ADD PRIMARY KEY (`id`);

--
-- Indexes for table `mount_point`
--
ALTER TABLE `mount_point`
  ADD PRIMARY KEY (`id`),
  ADD KEY `location_id` (`location_id`);

--
-- Indexes for table `package`
--
ALTER TABLE `package`
  ADD PRIMARY KEY (`id`),
  ADD UNIQUE KEY `uq_package_id` (`package_id`),
  ADD KEY `idx_active_order` (`is_active`,`display_order`);

--
-- Indexes for table `payment_methods`
--
ALTER TABLE `payment_methods`
  ADD PRIMARY KEY (`id`),
  ADD KEY `user_id` (`user_id`);

--
-- Indexes for table `registration`
--
ALTER TABLE `registration`
  ADD PRIMARY KEY (`id`),
  ADD KEY `user_id` (`user_id`),
  ADD KEY `package_id` (`package_id`),
  ADD KEY `location_id` (`location_id`),
  ADD KEY `collaborator_id` (`collaborator_id`),
  ADD KEY `idx_status_date` (`created_at`),
  ADD KEY `idx_user_date` (`user_id`,`created_at`);

--
-- Indexes for table `role_permissions`
--
ALTER TABLE `role_permissions`
  ADD PRIMARY KEY (`role`,`permission`);

--
-- Indexes for table `station`
--
ALTER TABLE `station`
  ADD PRIMARY KEY (`id`),
  ADD KEY `mountpoint_id` (`mountpoint_id`);

--
-- Indexes for table `survey_account`
--
ALTER TABLE `survey_account`
  ADD PRIMARY KEY (`id`),
  ADD UNIQUE KEY `username_acc` (`username_acc`),
  ADD KEY `registration_id` (`registration_id`);

--
-- Indexes for table `transaction_history`
--
ALTER TABLE `transaction_history`
  ADD PRIMARY KEY (`id`),
  ADD KEY `registration_id` (`registration_id`),
  ADD KEY `user_id` (`user_id`);

--
-- Indexes for table `user`
--
ALTER TABLE `user`
  ADD PRIMARY KEY (`id`);

--
-- Indexes for table `user_sessions`
--
ALTER TABLE `user_sessions`
  ADD PRIMARY KEY (`session_id`),
  ADD KEY `user_id` (`user_id`);

--
-- Indexes for table `user_settings`
--
ALTER TABLE `user_settings`
  ADD PRIMARY KEY (`id`),
  ADD KEY `user_id` (`user_id`);

--
-- Indexes for table `withdrawal`
--
ALTER TABLE `withdrawal`
  ADD PRIMARY KEY (`id`),
  ADD KEY `collaborator_id` (`collaborator_id`);

--
-- AUTO_INCREMENT for dumped tables
--

--
-- AUTO_INCREMENT for table `activity_logs`
--
ALTER TABLE `activity_logs`
  MODIFY `id` int NOT NULL AUTO_INCREMENT, AUTO_INCREMENT=14;

--
-- AUTO_INCREMENT for table `admin`
--
ALTER TABLE `admin`
  MODIFY `id` int NOT NULL AUTO_INCREMENT, AUTO_INCREMENT=3;

--
-- AUTO_INCREMENT for table `collaborator`
--
ALTER TABLE `collaborator`
  MODIFY `id` int NOT NULL AUTO_INCREMENT;

--
-- AUTO_INCREMENT for table `error_logs`
--
ALTER TABLE `error_logs`
  MODIFY `id` int NOT NULL AUTO_INCREMENT;

--
-- AUTO_INCREMENT for table `guide`
--
ALTER TABLE `guide`
  MODIFY `id` int NOT NULL AUTO_INCREMENT;

--
-- AUTO_INCREMENT for table `invoice`
--
ALTER TABLE `invoice`
  MODIFY `id` int NOT NULL AUTO_INCREMENT;

--
-- AUTO_INCREMENT for table `location`
--
ALTER TABLE `location`
  MODIFY `id` int NOT NULL AUTO_INCREMENT, AUTO_INCREMENT=64;

--
-- AUTO_INCREMENT for table `package`
--
ALTER TABLE `package`
  MODIFY `id` int NOT NULL AUTO_INCREMENT, AUTO_INCREMENT=8;

--
-- AUTO_INCREMENT for table `payment_methods`
--
ALTER TABLE `payment_methods`
  MODIFY `id` int NOT NULL AUTO_INCREMENT;

--
-- AUTO_INCREMENT for table `registration`
--
ALTER TABLE `registration`
  MODIFY `id` int NOT NULL AUTO_INCREMENT, AUTO_INCREMENT=14;

--
-- AUTO_INCREMENT for table `transaction_history`
--
ALTER TABLE `transaction_history`
  MODIFY `id` int NOT NULL AUTO_INCREMENT, AUTO_INCREMENT=12;

--
-- AUTO_INCREMENT for table `user`
--
ALTER TABLE `user`
  MODIFY `id` int NOT NULL AUTO_INCREMENT, AUTO_INCREMENT=2;

--
-- AUTO_INCREMENT for table `user_settings`
--
ALTER TABLE `user_settings`
  MODIFY `id` int NOT NULL AUTO_INCREMENT, AUTO_INCREMENT=2;

--
-- AUTO_INCREMENT for table `withdrawal`
--
ALTER TABLE `withdrawal`
  MODIFY `id` int NOT NULL AUTO_INCREMENT;

--
-- Constraints for dumped tables
--

--
-- Constraints for table `activity_logs`
--
ALTER TABLE `activity_logs`
  ADD CONSTRAINT `fk_activity_logs_user` FOREIGN KEY (`user_id`) REFERENCES `user` (`id`) ON DELETE SET NULL ON UPDATE CASCADE;

--
-- Constraints for table `collaborator`
--
ALTER TABLE `collaborator`
  ADD CONSTRAINT `fk_collaborator_user` FOREIGN KEY (`user_id`) REFERENCES `user` (`id`) ON DELETE CASCADE ON UPDATE CASCADE;

--
-- Constraints for table `error_logs`
--
ALTER TABLE `error_logs`
  ADD CONSTRAINT `fk_error_logs_user` FOREIGN KEY (`user_id`) REFERENCES `user` (`id`) ON DELETE SET NULL ON UPDATE CASCADE;

--
-- Constraints for table `guide`
--
ALTER TABLE `guide`
  ADD CONSTRAINT `fk_guide_admin` FOREIGN KEY (`author_id`) REFERENCES `admin` (`id`) ON DELETE RESTRICT ON UPDATE CASCADE;

--
-- Constraints for table `invoice`
--
ALTER TABLE `invoice`
  ADD CONSTRAINT `fk_invoice_transaction` FOREIGN KEY (`transaction_history_id`) REFERENCES `transaction_history` (`id`) ON DELETE CASCADE ON UPDATE CASCADE;

--
-- Constraints for table `mount_point`
--
ALTER TABLE `mount_point`
  ADD CONSTRAINT `fk_mount_point_location` FOREIGN KEY (`location_id`) REFERENCES `location` (`id`) ON DELETE RESTRICT ON UPDATE CASCADE;

--
-- Constraints for table `payment_methods`
--
ALTER TABLE `payment_methods`
  ADD CONSTRAINT `fk_payment_methods_user` FOREIGN KEY (`user_id`) REFERENCES `user` (`id`) ON DELETE CASCADE ON UPDATE CASCADE;

--
-- Constraints for table `registration`
--
ALTER TABLE `registration`
  ADD CONSTRAINT `fk_registration_collaborator` FOREIGN KEY (`collaborator_id`) REFERENCES `collaborator` (`id`) ON DELETE SET NULL ON UPDATE CASCADE,
  ADD CONSTRAINT `fk_registration_location` FOREIGN KEY (`location_id`) REFERENCES `location` (`id`) ON DELETE SET NULL ON UPDATE CASCADE,
  ADD CONSTRAINT `fk_registration_package` FOREIGN KEY (`package_id`) REFERENCES `package` (`id`) ON DELETE SET NULL ON UPDATE CASCADE,
  ADD CONSTRAINT `fk_registration_user` FOREIGN KEY (`user_id`) REFERENCES `user` (`id`) ON DELETE SET NULL ON UPDATE CASCADE;

--
-- Constraints for table `station`
--
ALTER TABLE `station`
  ADD CONSTRAINT `fk_station_mount_point` FOREIGN KEY (`mountpoint_id`) REFERENCES `mount_point` (`id`) ON DELETE CASCADE ON UPDATE CASCADE;

--
-- Constraints for table `survey_account`
--
ALTER TABLE `survey_account`
  ADD CONSTRAINT `fk_survey_account_registration` FOREIGN KEY (`registration_id`) REFERENCES `registration` (`id`) ON DELETE CASCADE ON UPDATE CASCADE;

--
-- Constraints for table `transaction_history`
--
ALTER TABLE `transaction_history`
  ADD CONSTRAINT `fk_transaction_registration` FOREIGN KEY (`registration_id`) REFERENCES `registration` (`id`) ON DELETE SET NULL ON UPDATE CASCADE,
  ADD CONSTRAINT `fk_transaction_user` FOREIGN KEY (`user_id`) REFERENCES `user` (`id`) ON DELETE CASCADE ON UPDATE CASCADE;

--
-- Constraints for table `user_sessions`
--
ALTER TABLE `user_sessions`
  ADD CONSTRAINT `fk_user_sessions_user` FOREIGN KEY (`user_id`) REFERENCES `user` (`id`) ON DELETE CASCADE ON UPDATE CASCADE;

--
-- Constraints for table `user_settings`
--
ALTER TABLE `user_settings`
  ADD CONSTRAINT `fk_user_settings_user` FOREIGN KEY (`user_id`) REFERENCES `user` (`id`) ON DELETE CASCADE ON UPDATE CASCADE;

--
-- Constraints for table `withdrawal`
--
ALTER TABLE `withdrawal`
  ADD CONSTRAINT `fk_withdrawal_collaborator` FOREIGN KEY (`collaborator_id`) REFERENCES `collaborator` (`id`) ON DELETE CASCADE ON UPDATE CASCADE;
COMMIT;

/*!40101 SET CHARACTER_SET_CLIENT=@OLD_CHARACTER_SET_CLIENT */;
/*!40101 SET CHARACTER_SET_RESULTS=@OLD_CHARACTER_SET_RESULTS */;
/*!40101 SET COLLATION_CONNECTION=@OLD_COLLATION_CONNECTION */;
